{"cameraMode":{"drawMode":0,"name":"Shaded","section":"Shading Mode"},"sceneLighting":true,"audioPlay":false,"sceneViewState":{"showFog":true,"showMaterialUpdate":false,"showSkybox":true,"showFlares":true,"showImageEffects":true,"showParticleSystems":true},"in2DMode":false,"pivot":{"x":124.62484741210938,"y":44.110260009765628,"z":-0.8919740915298462},"rotation":{"x":0.02414858341217041,"y":-0.9439616203308106,"z":0.32261914014816286,"w":0.06722433865070343},"size":4.678838729858398,"orthographic":false}