{"cameraMode":{"drawMode":0,"name":"Shaded","section":"Shading Mode"},"sceneLighting":false,"audioPlay":false,"sceneViewState":{"showFog":true,"showMaterialUpdate":false,"showSkybox":true,"showFlares":true,"showImageEffects":true,"showParticleSystems":true},"in2DMode":false,"pivot":{"x":71.31053924560547,"y":47.724124908447269,"z":-22.442794799804689},"rotation":{"x":0.0018576967995613814,"y":-0.9858596920967102,"z":0.16904453933238984,"w":0.015276787802577019},"size":22.0,"orthographic":false}