{"cameraMode":{"drawMode":0,"name":"Shaded","section":"Shading Mode"},"sceneLighting":false,"audioPlay":false,"sceneViewState":{"showFog":true,"showMaterialUpdate":false,"showSkybox":true,"showFlares":true,"showImageEffects":true,"showParticleSystems":true},"in2DMode":false,"pivot":{"x":66.30354309082031,"y":18.835134506225587,"z":4.508322238922119},"rotation":{"x":-0.12068402767181397,"y":0.4249059557914734,"z":-0.05695069953799248,"w":-0.895668625831604},"size":31.238239288330079,"orthographic":false}