{"cameraMode":{"drawMode":0,"name":"Shaded","section":"Shading Mode"},"sceneLighting":false,"audioPlay":false,"sceneViewState":{"showFog":true,"showMaterialUpdate":false,"showSkybox":true,"showFlares":true,"showImageEffects":true,"showParticleSystems":true},"in2DMode":false,"pivot":{"x":69.4189224243164,"y":41.18230438232422,"z":-0.8756217360496521},"rotation":{"x":-0.27623721957206728,"y":0.6005424857139587,"z":-0.23253770172595979,"w":-0.7138558030128479},"size":13.911437034606934,"orthographic":false}