{"cameraMode":{"drawMode":0,"name":"Shaded","section":"Shading Mode"},"sceneLighting":false,"audioPlay":false,"sceneViewState":{"showFog":true,"showMaterialUpdate":false,"showSkybox":true,"showFlares":true,"showImageEffects":true,"showParticleSystems":true},"in2DMode":false,"pivot":{"x":75.18321990966797,"y":34.807315826416019,"z":1.1736929416656495},"rotation":{"x":0.41424211859703066,"y":-0.17171286046504975,"z":0.07952404022216797,"w":0.8905900716781616},"size":105.49297332763672,"orthographic":false}