{"cameraMode":{"drawMode":0,"name":"Shaded","section":"Shading Mode"},"sceneLighting":false,"audioPlay":false,"sceneViewState":{"showFog":true,"showMaterialUpdate":false,"showSkybox":true,"showFlares":true,"showImageEffects":true,"showParticleSystems":true},"in2DMode":false,"pivot":{"x":81.10354614257813,"y":21.70816421508789,"z":-17.556488037109376},"rotation":{"x":-0.10764246433973313,"y":0.8913396000862122,"z":-0.2877953052520752,"w":-0.33335474133491518},"size":98.09613800048828,"orthographic":false}