{"cameraMode":{"drawMode":0,"name":"Shaded","section":"Shading Mode"},"sceneLighting":true,"audioPlay":false,"sceneViewState":{"showFog":true,"showMaterialUpdate":false,"showSkybox":true,"showFlares":true,"showImageEffects":true,"showParticleSystems":true},"in2DMode":false,"pivot":{"x":-159.8311767578125,"y":162.2759246826172,"z":101.37690734863281},"rotation":{"x":0.16966129839420319,"y":0.6887968182563782,"z":-0.17239436507225038,"w":0.6838957071304321},"size":4.739264488220215,"orthographic":false}