{"cameraMode":{"drawMode":0,"name":"Shaded","section":"Shading Mode"},"sceneLighting":true,"audioPlay":false,"sceneViewState":{"showFog":true,"showMaterialUpdate":false,"showSkybox":true,"showFlares":true,"showImageEffects":true,"showParticleSystems":true},"in2DMode":false,"pivot":{"x":92.70799255371094,"y":-35.01844024658203,"z":-90.54618072509766},"rotation":{"x":0.027518542483448983,"y":0.9555500149726868,"z":-0.27870500087738039,"w":0.09397401660680771},"size":208.47657775878907,"orthographic":false}