{"cameraMode":{"drawMode":0,"name":"Shaded","section":"Shading Mode"},"sceneLighting":true,"audioPlay":false,"sceneViewState":{"showFog":true,"showMaterialUpdate":false,"showSkybox":true,"showFlares":true,"showImageEffects":true,"showParticleSystems":true},"in2DMode":false,"pivot":{"x":591.7822875976563,"y":357.9259033203125,"z":22.607585906982423},"rotation":{"x":0.28582486510276797,"y":0.009012418799102307,"z":-0.0020122500136494638,"w":0.9584722518920898},"size":735.40673828125,"orthographic":false}