{"cameraMode":{"drawMode":0,"name":"Shaded","section":"Shading Mode"},"sceneLighting":false,"audioPlay":false,"sceneViewState":{"showFog":true,"showMaterialUpdate":false,"showSkybox":true,"showFlares":true,"showImageEffects":true,"showParticleSystems":true},"in2DMode":false,"pivot":{"x":139.6016845703125,"y":25.274097442626954,"z":-28.69649314880371},"rotation":{"x":-0.3039020895957947,"y":-0.05512940511107445,"z":0.01760532148182392,"w":-0.9509779214859009},"size":2.8578836917877199,"orthographic":false}