{"cameraMode":{"drawMode":0,"name":"Shaded","section":"Shading Mode"},"sceneLighting":true,"audioPlay":false,"sceneViewState":{"showFog":true,"showMaterialUpdate":false,"showSkybox":true,"showFlares":true,"showImageEffects":true,"showParticleSystems":true},"in2DMode":false,"pivot":{"x":-2.4980111122131349,"y":-98.64352416992188,"z":-26.864072799682618},"rotation":{"x":-0.26867449283599856,"y":0.6920679211616516,"z":-0.3144150674343109,"w":-0.5918604135513306},"size":182.68724060058595,"orthographic":false}