{"cameraMode":{"drawMode":0,"name":"Shaded","section":"Shading Mode"},"sceneLighting":true,"audioPlay":false,"sceneViewState":{"showFog":true,"showMaterialUpdate":false,"showSkybox":true,"showFlares":true,"showImageEffects":true,"showParticleSystems":true},"in2DMode":false,"pivot":{"x":-7.828005790710449,"y":-61.060157775878909,"z":70.39901733398438},"rotation":{"x":-0.3543117046356201,"y":0.07361568510532379,"z":-0.028070911765098573,"w":-0.9319671988487244},"size":201.0611572265625,"orthographic":false}