{"cameraMode":{"drawMode":0,"name":"Shaded","section":"Shading Mode"},"sceneLighting":false,"audioPlay":false,"sceneViewState":{"showFog":true,"showMaterialUpdate":false,"showSkybox":true,"showFlares":true,"showImageEffects":true,"showParticleSystems":true},"in2DMode":false,"pivot":{"x":71.38320922851563,"y":45.46900939941406,"z":0.24186134338378907},"rotation":{"x":0.41424211859703066,"y":-0.17171286046504975,"z":0.07952404022216797,"w":0.8905900716781616},"size":182.68731689453126,"orthographic":false}