{"cameraMode":{"drawMode":0,"name":"Shaded","section":"Shading Mode"},"sceneLighting":false,"audioPlay":false,"sceneViewState":{"showFog":true,"showMaterialUpdate":false,"showSkybox":true,"showFlares":true,"showImageEffects":true,"showParticleSystems":true},"in2DMode":false,"pivot":{"x":-129.52279663085938,"y":208.79054260253907,"z":217.00563049316407},"rotation":{"x":0.029510842636227609,"y":0.9178736209869385,"z":-0.3896772861480713,"w":0.0720776915550232},"size":12.29403305053711,"orthographic":false}