{"cameraMode":{"drawMode":0,"name":"Shaded","section":"Shading Mode"},"sceneLighting":false,"audioPlay":false,"sceneViewState":{"showFog":true,"showMaterialUpdate":false,"showSkybox":true,"showFlares":true,"showImageEffects":true,"showParticleSystems":true},"in2DMode":false,"pivot":{"x":75.5832290649414,"y":19.35416030883789,"z":0.015026211738586426},"rotation":{"x":0.41424211859703066,"y":-0.17171286046504975,"z":0.07952404022216797,"w":0.8905900716781616},"size":31.238239288330079,"orthographic":false}