{"cameraMode":{"drawMode":0,"name":"Shaded","section":"Shading Mode"},"sceneLighting":false,"audioPlay":false,"sceneViewState":{"showFog":true,"showMaterialUpdate":false,"showSkybox":true,"showFlares":true,"showImageEffects":true,"showParticleSystems":true},"in2DMode":false,"pivot":{"x":-88.97393798828125,"y":211.3050994873047,"z":196.37857055664063},"rotation":{"x":-0.006830994971096516,"y":0.9486290812492371,"z":-0.31635135412216189,"w":-0.01709865778684616},"size":0.18139797449111939,"orthographic":false}