{"cameraMode":{"drawMode":0,"name":"Shaded","section":"Shading Mode"},"sceneLighting":true,"audioPlay":false,"sceneViewState":{"showFog":true,"showMaterialUpdate":false,"showSkybox":true,"showFlares":true,"showImageEffects":true,"showParticleSystems":true},"in2DMode":false,"pivot":{"x":-0.7045173645019531,"y":-2.6300675868988039,"z":-0.14801597595214845},"rotation":{"x":0.4713822603225708,"y":-0.01135761197656393,"z":0.006683748215436935,"w":0.8820496797561646},"size":79.19867706298828,"orthographic":false}